Start,distance,steps,flights,active_cals,stepgoal
11/28/18,0.929998972,1884.621281,0,57.78656826,Step Goal Fail
11/29/18,4.640739086,8952.978943,18,509.1524317,Step Goal Fail
11/30/18,6.053471511,11665,12,598.692,Step Goal Complete!
12/1/18,6.796771258,12117,6,660.8560478,Step Goal Complete!
12/2/18,4.611580808,8924.766717,1,526.9169522,Step Goal Fail
12/3/18,3.961053787,7205,2,549.555,Step Goal Fail
12/4/18,6.597521653,12483.39723,5,669.604,Step Goal Complete!
12/5/18,4.909418579,9257.9357,6,557.1042267,Step Goal Fail
12/6/18,7.504792709,14208,13,997.1375975,Step Goal Complete!
12/7/18,4.274131206,8269.46084,8,532.6291758,Step Goal Fail
12/8/18,6.457724209,8834.269279,0,775.4614921,Step Goal Fail
12/9/18,2.806838623,5265,0,340.8510088,Step Goal Fail
12/10/18,8.808678727,13170,8,982.4457769,Step Goal Complete!
12/11/18,4.026818045,7567,8,499.820923,Step Goal Fail
12/12/18,4.977676188,9247,3,555.9943778,Step Goal Fail
12/13/18,3.47045462,6331,0,392.8344214,Step Goal Fail
12/14/18,2.885332833,5388.893036,5,448.0897156,Step Goal Fail
12/15/18,11.20563375,21223.71518,27,1090.938542,Step Goal Complete!
12/16/18,8.843438546,16376,79,1029.00611,Step Goal Complete!
12/17/18,2.498693087,4820,7,363.7849384,Step Goal Fail
12/18/18,1.907144426,3662,8,324.7936941,Step Goal Fail
12/19/18,6.83834099,9592,4,796.274,Step Goal Fail
12/20/18,1.589470242,3023,7,318.853,Step Goal Fail
12/21/18,3.128806578,5381,5,407.5001665,Step Goal Fail
12/22/18,2.232078713,4203.768465,8,435.1952819,Step Goal Fail
12/23/18,2.40012023,4286,8,353.4515516,Step Goal Fail
12/24/18,2.333732688,4182,2,382.4865037,Step Goal Fail
12/25/18,3.170580387,6054,13,447.7854963,Step Goal Fail
12/26/18,1.7301747,3175,5,311.253609,Step Goal Fail
12/27/18,5.117346955,9585.115923,10,517.329391,Step Goal Fail
12/28/18,1.00183717,1866,9,258.542,Step Goal Fail
12/29/18,3.48722705,6570.423599,6,537.8130016,Step Goal Fail
12/30/18,1.213602815,2284.960354,4,316.5359984,Step Goal Fail
12/31/18,6.26427953,11588.27157,7,716.655255,Step Goal Complete!
1/1/19,0.802238724,1552.72843,4,236.447745,Step Goal Fail
1/2/19,3.067922819,5984,6,356.548,Step Goal Fail
1/3/19,4.010534823,7658,11,429.3385569,Step Goal Fail
1/4/19,9.678730857,14442,0,1065.548443,Step Goal Complete!
1/5/19,3.529448601,6127,5,441.870475,Step Goal Fail
1/6/19,9.048971112,13054.57504,1,1021.671525,Step Goal Complete!
1/7/19,5.222291203,9181.422543,10,556.9627248,Step Goal Fail
1/8/19,5.899919749,10194.57746,12,711.7829278,Step Goal Complete!
1/9/19,7.64508922,12984,11,959.9137114,Step Goal Complete!
1/10/19,5.929639504,10278,10,654.696297,Step Goal Complete!
1/11/19,6.548119634,11284,7,897.7463391,Step Goal Complete!
1/12/19,1.300807969,2366,0,290.224,Step Goal Fail
1/13/19,7.36385592,10024.1262,3,779.7412712,Step Goal Complete!
1/14/19,10.2270205,14775,12,1075.80745,Step Goal Complete!
1/15/19,4.633915441,8038,10,518.6533144,Step Goal Fail
1/16/19,4.327518274,7492.364837,14,502.9789645,Step Goal Fail
1/17/19,5.863705299,10178,8,624.9802803,Step Goal Complete!
1/18/19,6.14097611,10424,0,648.7767197,Step Goal Complete!
1/19/19,3.261180137,5704.254223,6,479.168523,Step Goal Fail
1/20/19,3.864047742,6736,7,440.824477,Step Goal Fail
1/21/19,2.298807846,4163,0,344.9486789,Step Goal Fail
1/22/19,7.107041295,12250,19,708.9418283,Step Goal Complete!
1/23/19,9.027632346,13011,16,975.9882322,Step Goal Complete!
1/24/19,5.233166712,8907,8,568.4835565,Step Goal Fail
1/25/19,6.845019474,11562,10,674.5715442,Step Goal Complete!
1/26/19,5.066131123,8679.599622,1,517.5585671,Step Goal Fail
1/27/19,7.643459222,12989,11,738.0165928,Step Goal Complete!
1/28/19,4.62870027,7743,11,550.721,Step Goal Fail
1/29/19,5.692892244,9829,8,613.4008,Step Goal Fail
1/30/19,8.80066519,12532,9,939.0022,Step Goal Complete!
1/31/19,4.978398533,8652,14,543.91,Step Goal Fail
2/1/19,9.999569057,14853.89751,10,1053.777621,Step Goal Complete!
2/2/19,5.007139151,8308.449266,0,519.9175165,Step Goal Fail
2/3/19,5.030318052,8694,1,540.7057546,Step Goal Fail
2/4/19,9.728219023,14302,6,1034.887641,Step Goal Complete!
2/5/19,3.788645942,6643,13,443.5844667,Step Goal Fail
2/6/19,9.911714649,14720,10,1063.20573,Step Goal Complete!
2/7/19,5.847174104,10172,16,667.8142704,Step Goal Complete!
2/8/19,3.451791402,6136,5,387.054546,Step Goal Fail
2/9/19,3.300926294,5844,3,388.2544427,Step Goal Fail
2/10/19,12.80778895,20699.7565,5,1392.315133,Step Goal Complete!
2/11/19,4.497968873,7960,9,532.5844814,Step Goal Fail
2/12/19,4.653068976,8151,7,499.282397,Step Goal Fail
2/13/19,3.843911897,6678,11,475.0213616,Step Goal Fail
2/14/19,5.304480721,9384,13,529.2462475,Step Goal Fail
2/15/19,3.254037215,5816,3,420.9477071,Step Goal Fail
2/16/19,3.067633676,5534,2,312.2645954,Step Goal Fail
2/17/19,4.334933697,7698,2,474.3370883,Step Goal Fail
2/18/19,4.483355673,8039.397447,7,506.5721638,Step Goal Fail
2/19/19,4.657000025,8402.602553,6,508.8255938,Step Goal Fail
2/20/19,3.792507007,6770,3,458.7604443,Step Goal Fail
2/21/19,10.52190247,18600.12249,4,1042.882766,Step Goal Complete!
2/22/19,7.058400542,12515.87579,13,698.3755171,Step Goal Complete!
2/23/19,9.210200453,16294.99617,95,1113.214778,Step Goal Complete!
2/24/19,8.836821816,14972.68221,7,763.6868954,Step Goal Complete!
2/25/19,4.589964809,8172.507577,1,506.9943011,Step Goal Fail
2/26/19,8.24874519,14301,8,817.5784524,Step Goal Complete!
2/27/19,3.594453347,6530,5,367.4527149,Step Goal Fail
2/28/19,5.019264733,8781,12,520.030373,Step Goal Fail
3/1/19,5.829390078,10349,5,562.4988537,Step Goal Complete!
3/2/19,8.784913385,12652,0,908.4911463,Step Goal Complete!
3/3/19,10.07752866,14928,2,1074.05612,Step Goal Complete!
3/4/19,5.678805647,10113,10,587.1678799,Step Goal Complete!
3/5/19,8.509315451,14565,9,805.917,Step Goal Complete!
3/6/19,3.615194425,6405,8,434.2797041,Step Goal Fail
3/7/19,8.320973803,14512,14,778.5662959,Step Goal Complete!
3/8/19,3.622333428,6485,8,376.295,Step Goal Fail
3/9/19,3.77380342,6484,1,416.1061943,Step Goal Fail
3/10/19,5.821376041,9763.5085,1,605.7916448,Step Goal Fail
3/11/19,4.791958539,8522.413945,9,544.9665305,Step Goal Fail
3/12/19,7.096710103,12416.46363,9,688.0258008,Step Goal Complete!
3/13/19,6.73038021,11573,11,597.9287111,Step Goal Complete!
3/14/19,6.612115173,11575,8,654.6591185,Step Goal Complete!
3/15/19,4.566621036,7731,17,513.378,Step Goal Fail
3/16/19,3.621298649,6240,3,411.884,Step Goal Fail
3/17/19,4.95030747,8746,7,381.15,Step Goal Fail
3/18/19,6.13444743,10632.96298,8,650.4406525,Step Goal Complete!
3/19/19,5.177303097,9127,7,599.2802804,Step Goal Fail
3/20/19,6.973927862,12197,9.177213116,676.459185,Step Goal Complete!
3/21/19,5.356933597,9413,4.822786884,591.530908,Step Goal Fail
3/22/19,9.749616477,14417,9,990.7770002,Step Goal Complete!
3/23/19,3.920466136,7008.097066,1,445.3179739,Step Goal Fail
3/24/19,2.318481194,3961,3,326.569,Step Goal Fail
3/25/19,3.469864878,6037,5,437.541,Step Goal Fail
3/26/19,5.163275704,8968,39,703.5829672,Step Goal Fail
3/27/19,5.087717217,9298,4,667.9920328,Step Goal Fail
3/28/19,4.045693988,7057.539368,30,539.2618815,Step Goal Fail
3/29/19,4.819847386,8441,2,484.5367592,Step Goal Fail
3/30/19,7.796858574,12911.10941,1,706.9252764,Step Goal Complete!
3/31/19,9.715419978,16450.86011,4,804.5402896,Step Goal Complete!
4/1/19,5.909967522,10574,17,537.8747933,Step Goal Complete!
4/2/19,3.73792496,6717,11,364.585,Step Goal Fail
4/3/19,9.459706985,15871,11,1037.132618,Step Goal Complete!
4/4/19,5.505904284,9623,8,548.606777,Step Goal Fail
4/5/19,7.05318668,12230,11,708.6604372,Step Goal Complete!
4/6/19,5.44810229,9072.921758,1,481.1071312,Step Goal Fail
4/7/19,5.53864112,9425.053098,5,555.5778113,Step Goal Fail
4/8/19,5.819041328,10195,14,590.7662258,Step Goal Complete!
4/9/19,6.834124495,11822,10,702.63,Step Goal Complete!
4/10/19,7.085799039,11993.42174,9,1017.296046,Step Goal Complete!
4/11/19,5.836463342,10133,17,576.4949535,Step Goal Complete!
4/12/19,5.494382271,9820,12,560.3236405,Step Goal Fail
4/13/19,6.220435306,10437,2,1518.923359,Step Goal Complete!
4/14/19,17.91206094,25578,1,1766.907,Step Goal Complete!
4/15/19,4.513035042,7865.635863,15,439.7450728,Step Goal Fail
4/16/19,6.117653666,10909,17,653.6808711,Step Goal Complete!
4/17/19,5.782566897,10118.0946,17,635.4076279,Step Goal Complete!
4/18/19,5.825290391,9986,13,604.9132376,Step Goal Fail
4/19/19,6.52141723,11162.43163,14,577.8587483,Step Goal Complete!
4/20/19,3.261717279,5724,1,342.5746614,Step Goal Fail
4/21/19,6.831111001,12049.07721,4,621.856781,Step Goal Complete!
4/22/19,6.81349876,11709,15,599.1667554,Step Goal Complete!
4/23/19,8.505371817,14437,13,826.6282446,Step Goal Complete!
4/24/19,11.28759863,19076.24676,9,941.892,Step Goal Complete!
4/25/19,5.269432345,9224,17,616.640531,Step Goal Fail
4/26/19,8.602217358,14724.67455,14,728.0647654,Step Goal Complete!
4/27/19,5.877169858,10373.80933,2,501.5017036,Step Goal Complete!
4/28/19,4.403217758,7698,8,451.842,Step Goal Fail
4/29/19,7.900612117,13711,12,762.021,Step Goal Complete!
4/30/19,7.9605862,13835,11,684.8159913,Step Goal Complete!
5/1/19,11.64445204,19626,9,994.2064404,Step Goal Complete!
5/2/19,9.627375708,16477.39356,9,791.7910759,Step Goal Complete!
5/3/19,7.41733077,13127.64365,11,655.408354,Step Goal Complete!
5/4/19,10.55013131,16178.6561,3,1027.924138,Step Goal Complete!
5/5/19,5.888202516,10426.1627,1,542.1139499,Step Goal Complete!
5/6/19,7.585108942,13406.60928,14,693.7290335,Step Goal Complete!
5/7/19,7.442451921,12993.22802,14,709.4619914,Step Goal Complete!
5/8/19,3.912995569,6855,19,548.8260733,Step Goal Fail
5/9/19,4.017239301,7094.267994,16,643.6582175,Step Goal Fail
5/10/19,5.896940164,10551,21,532.0341405,Step Goal Complete!
5/11/19,5.976919415,10521.66086,11,569.5065939,Step Goal Complete!
5/12/19,8.751830476,14913,14,711.21,Step Goal Complete!
5/13/19,6.610228708,11477,11,611.7643811,Step Goal Complete!
5/14/19,8.057615271,13635,10,667.0516189,Step Goal Complete!
5/15/19,5.725643355,10005,8,505.5075381,Step Goal Complete!
5/16/19,6.348564517,11099.08332,14,591.8795886,Step Goal Complete!
5/17/19,5.757216028,9841.916685,13,735.1871995,Step Goal Fail
5/18/19,5.330269603,9354,8,672.5878236,Step Goal Fail
5/19/19,4.845442066,8239.237685,2,450.0328501,Step Goal Fail
5/20/19,3.911571299,7070,19,343.5851299,Step Goal Fail
5/21/19,3.811946366,6631.898956,13,388.2048701,Step Goal Fail
5/22/19,6.086104784,10296,7,563.477,Step Goal Complete!
5/23/19,3.507117845,6243,10,331.6097222,Step Goal Fail
5/24/19,7.189055139,11534,8,702.0412778,Step Goal Complete!
5/25/19,3.995640636,7056,1,410.0799517,Step Goal Fail
5/26/19,5.408836134,9409,4,565.2830483,Step Goal Fail
5/27/19,6.152776474,10684.76595,8,585.3437585,Step Goal Complete!
5/28/19,5.983020833,10380.08947,7,639.2020767,Step Goal Complete!
5/29/19,5.405621032,9603.840957,9,396.8271271,Step Goal Fail
5/30/19,4.534152825,7958.303618,5,395.3148775,Step Goal Fail
5/31/19,4.587190218,8146.229497,4,395.3148775,Step Goal Fail
6/1/19,6.008785845,10201.7705,2,395.3148775,Step Goal Complete!
6/2/19,1.615405966,2938,0,395.3148775,Step Goal Fail
6/3/19,6.569837443,11422.9869,10,773.8398995,Step Goal Complete!
6/4/19,7.658556272,13051.7903,15,685.3323959,Step Goal Complete!
6/5/19,5.492283953,9290.222792,8,571.1512324,Step Goal Fail
6/6/19,4.125418229,7233.350332,10,423.9044579,Step Goal Fail
6/7/19,10.13975123,16644.64967,16,858.6485421,Step Goal Complete!
6/8/19,1.559293712,2772.675784,0,240.5271031,Step Goal Fail
6/9/19,3.392770807,7587,0,23.69489689,Step Goal Fail
6/10/19,5.445501508,10004.69929,11,331.2995906,Step Goal Complete!
6/11/19,5.671562857,9979,11,537.5214094,Step Goal Fail
6/12/19,5.914335256,10976.60947,13,562.5901214,Step Goal Complete!
6/13/19,5.224766802,9644,3,511.5128786,Step Goal Fail
6/14/19,3.476831317,6346.666924,5,393.5417053,Step Goal Fail
6/15/19,1.497717821,2606.44738,2,185.6332947,Step Goal Fail
6/16/19,0.001322964,2.780127186,6,0,Step Goal Fail
6/17/19,0.001322964,2.780127186,84,0,Step Goal Fail
6/18/19,0.001322964,2.780127186,53,0,Step Goal Fail
6/19/19,0.001322964,2.780127186,1,0,Step Goal Fail
6/20/19,3.284280061,5720.47793,8,387.0446996,Step Goal Fail
6/21/19,5.042636565,8856.972634,5,549.2540917,Step Goal Fail
6/22/19,6.988814788,11427.29299,1,673.4682087,Step Goal Complete!
6/23/19,3.387229483,5981.809734,6,443.9673815,Step Goal Fail
6/24/19,3.696620253,6384.190266,5,473.0396185,Step Goal Fail
6/25/19,5.440550785,9368,4,561.5208557,Step Goal Fail
6/26/19,6.260385188,10926,6,642.2781443,Step Goal Complete!
6/27/19,5.042511574,8913,5,502.8503686,Step Goal Fail
6/28/19,3.676638668,6473.236658,2,464.9757618,Step Goal Fail
6/29/19,4.437504925,7812.763342,8,549.4569841,Step Goal Fail
6/30/19,4.547116334,8193,2,482.6504914,Step Goal Fail
7/1/19,6.871384135,11876.23087,11,697.7161662,Step Goal Complete!
7/2/19,8.185585572,13994.90463,8,789.4919093,Step Goal Complete!
7/3/19,5.70132006,9935,4,547.1783956,Step Goal Fail
7/4/19,5.941953954,10336,7,604.1855311,Step Goal Complete!
7/5/19,8.003832134,13539,5,723.5856442,Step Goal Complete!
7/6/19,5.492938004,9551.422236,2,535.3883016,Step Goal Fail
7/7/19,9.948898782,16484.08249,4,871.1580436,Step Goal Complete!
7/8/19,8.377527789,14828,6,772.7414843,Step Goal Complete!
7/9/19,3.848266839,6739,8,454.4262371,Step Goal Fail
7/10/19,6.868829439,12108,9,678.0079367,Step Goal Complete!
7/11/19,5.75766072,10104.36011,9,596.3306558,Step Goal Complete!
7/12/19,5.820104452,9970,5,584.1200888,Step Goal Fail
7/13/19,6.022215379,10695.60981,17,650.8741799,Step Goal Complete!
7/14/19,3.602063856,6126.358741,4,379.6998201,Step Goal Fail
7/15/19,0.011621806,18.88328871,10,0,Step Goal Fail
7/16/19,1.816064054,3196.148156,7,246.1609191,Step Goal Fail
7/17/19,5.420077366,9533,8,606.2107247,Step Goal Fail
7/18/19,3.95130277,6935.425199,1,489.731082,Step Goal Fail
7/19/19,6.562128039,11543.5748,8,681.7792742,Step Goal Complete!
7/20/19,0.977137949,1753,0,221.465,Step Goal Fail
7/21/19,9.346718911,16111.76125,2,1745.828852,Step Goal Complete!
7/22/19,6.399429364,11165.36634,8,626.5948024,Step Goal Complete!
7/23/19,3.745492139,6717.224553,2,441.2963455,Step Goal Fail
7/24/19,6.821105569,12068.50686,11,676.6591386,Step Goal Complete!
7/25/19,4.344030394,7640,1,506.1458614,Step Goal Fail
7/26/19,4.980838696,8829.238535,0,517.3372926,Step Goal Fail
7/27/19,5.380837187,9457.547684,2,550.1564647,Step Goal Fail
7/28/19,5.685226818,10056,3,590.1797859,Step Goal Complete!
7/29/19,2.840731882,4968,0,398.7029226,Step Goal Fail
7/30/19,7.988276126,13861,6,740.4235341,Step Goal Complete!
7/31/19,2.199365024,3793,0,313.29,Step Goal Fail
8/1/19,5.434845704,10453.25074,0,371.662,Step Goal Complete!
8/2/19,6.231002344,10417.35128,1,773.1893477,Step Goal Complete!
8/3/19,4.398722032,7860,2,599.061646,Step Goal Fail
8/4/19,1.644468408,3037,1,353.4910063,Step Goal Fail
8/5/19,7.178817737,9252,10,608.9,Step Goal Fail
8/6/19,3.551808801,6251,9,433.599,Step Goal Fail
8/7/19,3.689833078,6673.779944,9,445.548,Step Goal Fail
8/8/19,4.740156721,8436.543515,12,559.615,Step Goal Fail
8/9/19,3.117266355,5521.498766,4,412.345772,Step Goal Fail
8/10/19,5.520818405,10076.14753,2,528.258228,Step Goal Complete!
8/11/19,15.79331955,29480.22292,173,1384.847616,Step Goal Complete!
8/12/19,4.363082628,8117,5,491.4403828,Step Goal Fail
8/13/19,5.108320977,9467.487222,4,544.1930505,Step Goal Fail
8/14/19,4.192768996,7487.186477,2,463.2199503,Step Goal Fail
8/15/19,9.46924065,14867.16942,12,803.797,Step Goal Complete!
8/16/19,4.312279779,7798,4,528.166,Step Goal Fail
8/17/19,2.895538195,5337,0,366.598,Step Goal Fail
8/18/19,5.426357597,8171,0,678.484,Step Goal Fail
8/19/19,4.003270523,7094,5,482.547,Step Goal Fail
8/20/19,2.904544534,5151,0,387.915,Step Goal Fail
8/21/19,10.79315948,16650,3,1128.483,Step Goal Complete!
8/22/19,4.31826765,7577.689491,5,533.254,Step Goal Fail
8/23/19,3.095957064,5549,6,436.822,Step Goal Fail
8/24/19,3.0237021,5463,0,402.654,Step Goal Fail
8/25/19,8.653363304,15209,5,795.142,Step Goal Complete!
8/26/19,5.774522951,10178,1,607.343,Step Goal Complete!
8/27/19,6.225824392,11088,3,624.711,Step Goal Complete!
8/28/19,4.618071344,8164,3,597.176,Step Goal Fail
8/29/19,4.645846535,8178,1,513.911,Step Goal Fail
8/30/19,2.672069511,4887,1,454.724,Step Goal Fail
8/31/19,2.964774741,5358,5,411.066,Step Goal Fail
9/1/19,1.778460303,3226,1,402.776,Step Goal Fail
9/2/19,3.730384772,6718,1,459.974,Step Goal Fail
9/3/19,3.748711206,6529,1,478.519,Step Goal Fail
9/4/19,4.251750081,7516,1,469.072,Step Goal Fail
9/5/19,4.858604368,8362,1,561.633,Step Goal Fail
9/6/19,4.10439435,7086,3,526.303,Step Goal Fail
9/7/19,6.913533275,10133,0,785.904,Step Goal Complete!
9/8/19,1.857811581,3272.172234,0,313.537,Step Goal Fail
9/9/19,5.492289178,9551,5,593.118,Step Goal Fail
9/10/19,4.293677539,7520,1,497.586,Step Goal Fail
9/11/19,8.630926379,13323.07584,1,916.565,Step Goal Complete!
9/12/19,4.30691928,7444,3,508.714,Step Goal Fail
9/13/19,9.004095045,14397,3,967.466,Step Goal Complete!
9/14/19,1.568299315,2855,1,302.319,Step Goal Fail
9/15/19,6.378243512,9740,1,764.961,Step Goal Fail
9/16/19,3.742390906,6616.05808,1,459.827,Step Goal Fail
9/17/19,3.715949323,6446,1,488.591,Step Goal Fail
9/18/19,9.106501562,14447,1,959.591,Step Goal Complete!
9/19/19,3.822813837,6656,1,525.632,Step Goal Fail
9/20/19,8.697246157,13408,1,922.049,Step Goal Complete!
9/21/19,8.910396498,16047,36,811.361,Step Goal Complete!
9/22/19,5.628210499,9898,0,553.713,Step Goal Fail
9/23/19,4.007584308,7011,2,488.969,Step Goal Fail
9/24/19,6.953031607,12055,4,677.222,Step Goal Complete!
9/25/19,5.607063446,9635,1,585.351,Step Goal Fail
9/26/19,4.147507106,7223,2,477.838,Step Goal Fail
9/27/19,9.013173785,14119,3,978.403,Step Goal Complete!
9/28/19,0.760741585,1407,0,186.802,Step Goal Fail
9/29/19,7.758105881,11803.90546,1,828.19,Step Goal Complete!
9/30/19,3.957572714,6882,1,508.999,Step Goal Fail
10/1/19,9.712718797,15588,1,1057.387,Step Goal Complete!
10/2/19,3.9292445,6791,1,470.76,Step Goal Fail
10/3/19,4.440896791,7343,2,526.106,Step Goal Fail
10/4/19,8.933145339,13662,1,936.497,Step Goal Complete!
10/5/19,4.220310977,7248,2,484.569,Step Goal Fail
10/6/19,4.678549619,8122.56446,1,494.041,Step Goal Fail
10/7/19,4.657273264,8053.844086,2,511.788,Step Goal Fail
10/8/19,4.567637193,7935,1,502.806,Step Goal Fail
10/9/19,9.294320515,14786,1,959.151,Step Goal Complete!
10/10/19,3.410735931,5986,1,416.544,Step Goal Fail
10/11/19,5.844473953,10023,1,563.745,Step Goal Complete!
10/12/19,1.466198986,2660,0,260.015,Step Goal Fail
10/13/19,7.90889638,11883,1,864.871,Step Goal Complete!
10/14/19,4.715442858,8097,1,535.865,Step Goal Fail
10/15/19,9.754269825,15336,4,1032.511,Step Goal Complete!
10/16/19,7.374072995,12435,2,702.913,Step Goal Complete!
10/17/19,4.665587039,8266,2,521.008,Step Goal Fail
10/18/19,4.330259494,7625,1,567.9340423,Step Goal Fail
10/19/19,6.094828751,10849.84541,6,714.1999577,Step Goal Complete!
10/20/19,1.494076007,2757,1,336.875,Step Goal Fail
10/21/19,4.306785349,7453,1,478.387,Step Goal Fail
10/22/19,10.38522724,16154,3,1077.42,Step Goal Complete!
10/23/19,6.767406189,11429.81094,2,648.131,Step Goal Complete!
10/24/19,9.252138868,14022,1,938.494,Step Goal Complete!
10/25/19,5.692298788,9476,1,575.267,Step Goal Fail
10/26/19,1.870742109,3496,0,255.766,Step Goal Fail
10/27/19,4.107710794,7079,2,442.97,Step Goal Fail
10/28/19,4.192944874,7264,1,485.115,Step Goal Fail
10/29/19,8.318283429,12569,1,903.364,Step Goal Complete!
10/30/19,4.29513895,7511,2,517.755,Step Goal Fail
10/31/19,5.178699799,8787,2,537.868,Step Goal Fail
11/1/19,4.344673282,7402,5,488.557,Step Goal Fail
11/2/19,1.524270597,2819.95769,0,276.263,Step Goal Fail
11/3/19,6.462892712,9282,1,783.365,Step Goal Fail
11/4/19,4.041296823,6994,1,476.989,Step Goal Fail
11/5/19,8.498689708,12997,0,916.649,Step Goal Complete!
11/6/19,6.48893049,11130,3,657.347,Step Goal Complete!
11/7/19,5.823128467,9640,3,578.844,Step Goal Fail
11/8/19,4.857361488,8250,2,551.549,Step Goal Fail
11/9/19,2.057734762,3754,0,303.965,Step Goal Fail
11/10/19,3.058718424,5413,1,399.777,Step Goal Fail
11/11/19,5.71044064,9774,2,586.681,Step Goal Fail
11/12/19,4.597504051,7505,3,487.008,Step Goal Fail
11/13/19,5.089956079,8962,3,588.223,Step Goal Fail
11/14/19,6.74795329,10635,3,635.646,Step Goal Complete!
11/15/19,5.448747194,8798,1,534.645,Step Goal Fail
11/16/19,2.214092824,3979,0,321.372,Step Goal Fail
11/17/19,3.330503011,5816,1,434.838,Step Goal Fail
11/18/19,4.314779555,7508,3,517.495,Step Goal Fail
11/19/19,8.477420377,13699,2,968.496,Step Goal Complete!
11/20/19,5.360572941,9045.213353,2,617.497,Step Goal Fail
11/21/19,4.796991172,8178,2,552.378,Step Goal Fail
11/22/19,5.517025007,9550,2,547.538,Step Goal Fail
11/23/19,4.727155166,8408,1,548.114,Step Goal Fail
11/24/19,1.678023299,3004.578467,5,316.943,Step Goal Fail
11/25/19,1.946015635,3482,11,301.361,Step Goal Fail
11/26/19,5.271955884,9284,11,533.555,Step Goal Fail
11/27/19,1.896122903,3961,6,0,Step Goal Fail
11/28/19,8.736948122,16626,65,0,Step Goal Complete!
11/29/19,4.502829959,8536,9,0,Step Goal Fail
11/30/19,0.703401803,1416,4,0,Step Goal Fail
12/1/19,2.03261843,3832,1,0,Step Goal Fail
12/2/19,4.371188115,8329,2,0,Step Goal Fail
12/3/19,1.969927357,3806,5,0,Step Goal Fail
12/4/19,4.099281715,7803,2,0,Step Goal Fail
12/5/19,4.006223299,7568,3,0,Step Goal Fail
12/6/19,3.58436048,6972,2,39.086,Step Goal Fail
12/7/19,1.648118598,2946,0,259.425,Step Goal Fail
12/8/19,2.077483286,3602.190171,2,364.026,Step Goal Fail
12/9/19,5.850112017,9706,2,589.845,Step Goal Fail
12/10/19,9.832274802,15713,4,965.246,Step Goal Complete!
12/11/19,6.936121047,11571,5,699.733,Step Goal Complete!
12/12/19,7.045604855,11709.2487,2,736.1950312,Step Goal Complete!
12/13/19,7.161136065,11334,2,696.4049688,Step Goal Complete!
12/14/19,0.435514065,790,0,131.331,Step Goal Fail
12/15/19,3.679657558,6464,1,421.668,Step Goal Fail
12/16/19,6.374461818,10492,5,641.461,Step Goal Complete!
12/17/19,4.418999566,7424,4,506.125,Step Goal Fail
12/18/19,7.726109369,12729,3.050616528,692.672,Step Goal Complete!
12/19/19,5.323227561,9130,4,568.266,Step Goal Fail
12/20/19,5.544773573,9291.414639,2,551.514,Step Goal Fail
12/21/19,2.151876567,3789,2,296.487,Step Goal Fail
12/22/19,2.331998433,4171.776817,2,337.708,Step Goal Fail
12/23/19,3.02574029,5421,5,476.321,Step Goal Fail
12/24/19,2.315906497,4114,10,257.784,Step Goal Fail
12/25/19,1.656703143,3061.381093,7,169.304,Step Goal Fail
12/26/19,4.765419032,8020,5,566.348,Step Goal Fail
12/27/19,3.971803156,6743,5,471.07,Step Goal Fail
12/28/19,1.291646339,2496,6,228.011,Step Goal Fail
12/29/19,1.751282331,3112,5,296.957,Step Goal Fail
12/30/19,6.729598231,10877,6,674.46,Step Goal Complete!
12/31/19,3.096084849,5485,11,360.624058,Step Goal Fail
1/1/20,2.43449567,4352,6.307151267,390.250942,Step Goal Fail
1/2/20,8.006316334,12806,4,890.227,Step Goal Complete!
1/3/20,7.24793998,12135,2,784.906,Step Goal Complete!
1/4/20,1.737336849,3169,0,271.801,Step Goal Fail
1/5/20,3.472286137,5938,1,457.729,Step Goal Fail
1/6/20,8.218042037,12651,2,897.285,Step Goal Complete!
1/7/20,5.24885567,9114,2,576.699,Step Goal Fail
1/8/20,5.169311255,9193,2,833.135,Step Goal Fail
1/9/20,4.184699861,6957,3,464.621,Step Goal Fail
1/10/20,6.684707578,11637,4,703.831,Step Goal Complete!
1/11/20,1.479759627,2750,0,219.003,Step Goal Fail
1/12/20,1.808917568,3190,1,284.043,Step Goal Fail
1/13/20,9.705100152,15780,2,1001.35,Step Goal Complete!
1/14/20,2.539073651,4498,3,369.343,Step Goal Fail
1/15/20,5.359094363,9194.93979,1,555.763,Step Goal Fail
1/16/20,6.149934364,10447,2,601.287,Step Goal Complete!
1/17/20,3.35390648,5891,2,413.622,Step Goal Fail
1/18/20,1.661266917,3089,0,270.578,Step Goal Fail
1/19/20,8.23187895,13287,1,859.576,Step Goal Complete!
1/20/20,3.362245697,5923,3,422.526,Step Goal Fail
1/21/20,7.575066975,12289,1,833.45,Step Goal Complete!
1/22/20,4.54653323,7837,4,478.223,Step Goal Fail
1/23/20,4.689245007,7819,2,534.464,Step Goal Fail
1/24/20,9.53900889,15401,1,962.552,Step Goal Complete!
1/25/20,2.98926441,5432,2,335.021,Step Goal Fail
1/26/20,0.910365499,1691,0,279.724,Step Goal Fail
1/27/20,4.937734892,8355,1,557.683,Step Goal Fail
1/28/20,8.035920764,13251,2,887.083,Step Goal Complete!
1/29/20,7.100285877,11859.51159,2,646.914,Step Goal Complete!
1/30/20,7.185073537,11576,8,832.064,Step Goal Complete!
1/31/20,4.646583009,8033,3,504.701,Step Goal Fail
2/1/20,1.218916761,2277,0,228.776,Step Goal Fail
2/2/20,1.795562917,3303,0,339.235,Step Goal Fail
2/3/20,9.385496937,15550,3,977.657,Step Goal Complete!
2/4/20,2.525762424,4509,1,372.25,Step Goal Fail
2/5/20,4.423895106,7596,4,836.225,Step Goal Fail
2/6/20,5.449501921,9298,5,581.904,Step Goal Fail
2/7/20,5.599578977,9874,2,590.78,Step Goal Fail
2/8/20,0.941451473,1741,0,174.535,Step Goal Fail
2/9/20,4.396803485,7411,3,445.753,Step Goal Fail
2/10/20,5.423745587,8973.648988,1,524.181,Step Goal Fail
2/11/20,6.032424118,10283,7,642.65,Step Goal Complete!
2/12/20,6.65888204,11107,2,626.897,Step Goal Complete!
2/13/20,6.56981885,10771,3,645.704,Step Goal Complete!
2/14/20,1.992798567,3482,1,306.265,Step Goal Fail
2/15/20,4.459688024,8093,2,479.116,Step Goal Fail
2/16/20,6.227538452,10830,2,604.943,Step Goal Complete!
2/17/20,10.39976594,16488,1,1053.364,Step Goal Complete!
2/18/20,7.714446744,12016,5,883.493,Step Goal Complete!
2/19/20,4.546966666,7773,2,481.485,Step Goal Fail
2/20/20,5.089572866,8853,4,563.517,Step Goal Fail
2/21/20,4.343809888,7374,3,527.712,Step Goal Fail
2/22/20,7.631176918,13269,8,801.148,Step Goal Complete!
2/23/20,3.325181419,5803,1,396.392,Step Goal Fail
2/24/20,9.465234881,16411,3,942.873,Step Goal Complete!
2/25/20,9.170140612,16379,4,968.513,Step Goal Complete!
2/26/20,5.16327148,9057.309498,5,556.143,Step Goal Fail
2/27/20,3.834713474,6913,5,487.481,Step Goal Fail
2/28/20,3.798338976,6796,2,459.551,Step Goal Fail
2/29/20,2.37289171,4409,0,284.718,Step Goal Fail
3/1/20,5.881685392,10275,2,698.749,Step Goal Complete!
3/2/20,9.039956761,15662,3,943.698,Step Goal Complete!
3/3/20,7.819925292,14387,2,828.674,Step Goal Complete!
3/4/20,8.4042303,14452,3,759.467,Step Goal Complete!
3/5/20,4.476569955,8066,5,534.271,Step Goal Fail
3/6/20,8.216730958,14605,4,907.3729278,Step Goal Complete!
3/7/20,7.96827836,13238,3,884.798489,Step Goal Complete!
3/8/20,3.078169736,5341,1,362.5685832,Step Goal Fail
3/9/20,7.434970059,12015,2,818.229,Step Goal Complete!
3/10/20,8.363154538,13585,4,899.947,Step Goal Complete!
3/11/20,4.509519092,7737,3,508.374,Step Goal Fail
3/12/20,3.117443285,5497,2,384.986,Step Goal Fail
3/13/20,4.535176829,7981,9,506.989,Step Goal Fail
3/14/20,9.762501374,15831.60177,8,1015.612387,Step Goal Complete!
3/15/20,3.709956682,6609.398231,31,555.8316127,Step Goal Fail
3/16/20,5.863383715,10239,15,691.9648836,Step Goal Complete!
3/17/20,3.468627464,6265.155311,1,332.7541164,Step Goal Fail
3/18/20,0.944112917,1760,0,220.129,Step Goal Fail
3/19/20,0.455008662,895,0,0,Step Goal Fail
3/20/20,1.599476731,3048,1,0.351,Step Goal Fail
3/21/20,0,0,0,0,Step Goal Fail
3/22/20,0.725134306,1374.603218,0,180.331,Step Goal Fail
3/23/20,0.97649019,1819.444193,0,252.016,Step Goal Fail
3/24/20,3.662971373,6625,1,455.114,Step Goal Fail
3/25/20,4.288813693,7696.196986,2,475.234,Step Goal Fail
3/26/20,2.899760577,5074,2,372.533,Step Goal Fail
3/27/20,2.509439115,4522,1,309.052,Step Goal Fail
3/28/20,3.522263197,6251.595408,1,384.235,Step Goal Fail
3/29/20,2.462119408,4237,1,293.161,Step Goal Fail
3/30/20,2.959220966,5237,1,377.482,Step Goal Fail
3/31/20,6.379589912,9768,0,767.348,Step Goal Fail
4/1/20,3.165466816,5624,1,395.444,Step Goal Fail
4/2/20,2.805868833,4975,1,377.495,Step Goal Fail
4/3/20,3.445160878,6162,1,416.694,Step Goal Fail
4/4/20,2.852710123,5023,1,317.839,Step Goal Fail
4/5/20,3.040506581,5192,1,355.207,Step Goal Fail
4/6/20,5.962625313,8702,0,754.462,Step Goal Fail
4/7/20,2.825686099,4957,1,363.349,Step Goal Fail
4/8/20,3.861603212,6784,2,448.368,Step Goal Fail
4/9/20,3.220615995,5516,1,414.17,Step Goal Fail
4/10/20,3.225696316,5593.093301,1,398.578,Step Goal Fail
4/11/20,3.088539099,5303,1,342.029,Step Goal Fail
4/12/20,2.835612936,4996,1,354.029,Step Goal Fail
4/13/20,2.554541915,4525,1.457245238,337.322,Step Goal Fail
4/14/20,2.652974058,4703,1,356.685,Step Goal Fail
4/15/20,3.629815319,6408,3,449.091,Step Goal Fail
4/16/20,3.29169037,5864.892289,1,424.939,Step Goal Fail
4/17/20,2.65400342,4629,1,360.634,Step Goal Fail
4/18/20,5.007803098,8791,2,485.085,Step Goal Fail
4/19/20,4.551094277,8031.208196,3,496.771,Step Goal Fail
4/20/20,3.265601042,5621.899522,1,406.747,Step Goal Fail
4/21/20,4.695377557,8183,7,523.267,Step Goal Fail
4/22/20,3.820164443,6860.61757,2,476.562,Step Goal Fail
4/23/20,4.708066145,8213,2,517.312,Step Goal Fail
4/24/20,2.73175954,4841,1,380.948,Step Goal Fail
4/25/20,8.280825205,12735.39329,4,869.994,Step Goal Complete!
4/26/20,2.603169556,4613,1,311.75,Step Goal Fail
4/27/20,2.694638862,4860,2,362.007,Step Goal Fail
4/28/20,2.72609381,4777.546906,1,360.5,Step Goal Fail
4/29/20,5.226571462,9178,3,545.477,Step Goal Fail
4/30/20,3.436422357,5868,2,451.726,Step Goal Fail
5/1/20,2.891075302,5099,1,370.366,Step Goal Fail
5/2/20,1.43374042,2637.346655,0,270.05,Step Goal Fail
5/3/20,1.758225545,3080,0,447.642,Step Goal Fail
5/4/20,6.280237292,9382,0,754.782,Step Goal Fail
5/5/20,3.237327063,5771,1,388.947,Step Goal Fail
5/6/20,2.836861591,5028,1,584.784,Step Goal Fail
5/7/20,2.560905517,4493,2,287.294,Step Goal Fail
5/8/20,2.52570541,4422,1,319.026,Step Goal Fail
5/9/20,1.429858083,2634.724479,0,204.38,Step Goal Fail
5/10/20,6.175636986,9226,4,715.979,Step Goal Fail
5/11/20,2.6755265,4746,1,329.061,Step Goal Fail
5/12/20,2.494864908,4222,0,553.775,Step Goal Fail
5/13/20,5.96088614,8687,1,704.753,Step Goal Fail
5/14/20,2.848852382,5060,1,363.083,Step Goal Fail
5/15/20,2.134518067,3477,0,530.368,Step Goal Fail
5/16/20,5.806397278,8328,1,720.341,Step Goal Fail
5/17/20,4.964486881,8632,1,468.299,Step Goal Fail
5/18/20,0.069507473,143,0,0,Step Goal Fail
5/19/20,2.689043939,4718,1,322.556,Step Goal Fail
5/20/20,5.857475419,10211,2,586.903,Step Goal Complete!
5/21/20,2.723655278,4814,1,348.76,Step Goal Fail
5/22/20,3.47427162,6174,1,392.176,Step Goal Fail
5/23/20,3.340616192,5908.574631,1,379.382,Step Goal Fail
5/24/20,4.306804032,7642,1,476.076,Step Goal Fail
5/25/20,2.770452511,4912,1,328.107,Step Goal Fail
5/26/20,4.650678999,8192,2,495.048,Step Goal Fail
5/27/20,4.029886102,7231,1,425.837,Step Goal Fail
5/28/20,4.504872829,7917,1,456.053,Step Goal Fail
5/29/20,4.55446567,7974,3,462.884,Step Goal Fail
5/30/20,5.228366295,9234,1,482.141,Step Goal Fail
5/31/20,4.023888381,7020,1,391.689,Step Goal Fail
6/1/20,4.04789166,7024,2,435.305,Step Goal Fail
6/2/20,4.550551041,7961,1,459.419,Step Goal Fail
6/3/20,4.176755049,7336,1,406.025,Step Goal Fail
6/4/20,4.050197102,7162,1,429.951,Step Goal Fail
6/5/20,5.132385828,9148,1,519.257,Step Goal Fail
6/6/20,4.470982424,7866,1,421.206,Step Goal Fail
6/7/20,5.249663957,9241,1,536.735,Step Goal Fail
6/8/20,4.45111009,7884,1,492.496,Step Goal Fail
6/9/20,5.157426468,9047.972431,1,521.244,Step Goal Fail
6/10/20,4.907949529,8632,1,483.064,Step Goal Fail
6/11/20,4.82706997,8587.685737,8.8985282,516.315,Step Goal Fail
6/12/20,5.042786094,8857,1,494.578,Step Goal Fail
6/13/20,5.005200612,8724,1,461.883,Step Goal Fail
6/14/20,4.97319571,8824,2,512.958,Step Goal Fail
6/15/20,4.300270484,7593,1,499.295,Step Goal Fail
6/16/20,4.765795197,8460,1,465.699,Step Goal Fail
6/17/20,5.210327577,9143,1,529.629,Step Goal Fail
6/18/20,4.094892859,7227,1,451.255,Step Goal Fail
6/19/20,2.747421369,5042,7.552453741,474.981,Step Goal Fail
6/20/20,4.464008271,8002,8,518.249,Step Goal Fail
6/21/20,4.326751098,7742,2,485.504,Step Goal Fail
6/22/20,3.630692142,6470.726647,4.721381497,436.021,Step Goal Fail
6/23/20,1.553277018,2894.046188,4,297.283,Step Goal Fail
6/24/20,7.740741468,13822,32,795.09,Step Goal Complete!
6/25/20,3.330282545,5791,4,427.932,Step Goal Fail
6/26/20,4.143059172,7299.76768,12,503.374,Step Goal Fail
6/27/20,2.870811181,5223.736642,12,454.877,Step Goal Fail
6/28/20,3.161555018,5756,6,471.2,Step Goal Fail
6/29/20,6.318317081,9505,1,728.462,Step Goal Fail
6/30/20,6.096523664,9335,1,709.163,Step Goal Fail
7/1/20,4.842591774,8538,0,550.067,Step Goal Fail
7/2/20,4.645971347,8116,1,487.704,Step Goal Fail
7/3/20,4.371945771,7826,0,403.724,Step Goal Fail